关键词,日期,博客数,点赞数,评论数,转发数
疫情,2020-01-20,5,31594,5466,1722
疫情,2020-01-21,18,43506,6969,1999
疫情,2020-01-22,19,73903,6793,3526
疫情,2020-01-23,22,61026,6406,3589
疫情,2020-01-24,12,32513,3635,1122
疫情,2020-01-25,21,102633,13103,14175
疫情,2020-01-26,17,6632,627,68
疫情,2020-01-27,32,126101,13319,6248
疫情,2020-01-28,26,11760,1607,1971
疫情,2020-01-29,17,5291,300,355
疫情,2020-01-30,31,28634,5711,2649
疫情,2020-01-31,24,12027,901,1654
疫情,2020-02-01,18,2257,211,310
疫情,2020-02-02,27,6197,524,1171
疫情,2020-02-03,44,42809,6630,2975
疫情,2020-02-04,27,30857,5915,1482
疫情,2020-02-05,21,8565,910,346
疫情,2020-02-06,21,11401,2118,1200
疫情,2020-02-07,21,90085,9873,2692
疫情,2020-02-08,22,22940,2682,3761
疫情,2020-02-09,22,6365,1748,1086
疫情,2020-02-10,18,12554,2320,888
疫情,2020-02-11,20,6651,1652,315
疫情,2020-02-12,23,6256,74,189
疫情,2020-02-13,31,10863,1893,1242
疫情,2020-02-14,25,7809,1039,619
疫情,2020-02-15,30,13048,2826,229
疫情,2020-02-16,25,19718,1928,1038
疫情,2020-02-17,20,16548,3383,1181
疫情,2020-02-18,18,23700,4669,1943
疫情,2020-02-19,19,8941,1667,1472
疫情,2020-02-20,16,9782,2057,785
疫情,2020-02-21,23,31685,7066,2096
疫情,2020-02-22,13,10392,2482,1610
疫情,2020-02-23,18,20132,3508,2709
疫情,2020-02-24,26,29416,5469,3393
疫情,2020-02-25,20,26058,5848,2633
疫情,2020-02-26,15,64,26,11
疫情,2020-02-27,23,38418,5107,950
疫情,2020-02-28,19,38030,6516,3478
疫情,2020-02-29,20,48558,5217,2704
疫情,2020-03-01,17,2012,333,98
疫情,2020-03-02,18,56001,7490,3431
疫情,2020-03-03,11,25146,4908,1297
疫情,2020-03-04,15,22755,2489,1912
疫情,2020-03-05,15,35755,6391,2055
疫情,2020-03-06,13,8458,2342,464
疫情,2020-03-07,13,21493,3659,1306
疫情,2020-03-08,17,42953,8572,3158
疫情,2020-03-09,14,11677,2609,965
疫情,2020-03-10,21,30676,4897,5603
疫情,2020-03-11,13,32719,5249,3734
疫情,2020-03-12,22,49755,9420,3445
疫情,2020-03-13,18,75591,11933,6239
疫情,2020-03-14,28,22675,3998,2451
疫情,2020-03-15,18,65867,11316,7145
疫情,2020-03-16,25,51613,6755,4813
疫情,2020-03-17,24,130939,15452,30673
疫情,2020-03-18,20,1749,359,174
疫情,2020-03-19,26,109531,14017,8585
疫情,2020-03-20,11,51532,6029,9223
疫情,2020-03-21,29,56164,7489,4769
疫情,2020-03-22,22,1004,185,147
疫情,2020-03-23,20,21316,2624,1865
疫情,2020-03-24,17,83845,11554,4319
疫情,2020-03-25,16,53123,7703,2552
疫情,2020-03-26,17,1075,134,19
疫情,2020-03-27,17,14405,1955,850
疫情,2020-03-28,18,88069,13713,4469
疫情,2020-03-29,6,5694,248,586
疫情,2020-03-30,16,65357,10038,5466
疫情,2020-03-31,12,29755,5148,3297
疫情,2020-04-01,13,47889,7819,4339
疫情,2020-04-02,18,31436,4538,1614
疫情,2020-04-03,12,101187,14829,12283
疫情,2020-04-04,17,57766,4413,5276
疫情,2020-04-05,15,8239,586,296
疫情,2020-04-06,15,36614,5230,6280
疫情,2020-04-07,14,528,226,25
疫情,2020-04-08,17,200688,18776,11747
疫情,2020-04-09,11,15777,1044,1166
疫情,2020-04-10,5,24770,5526,3253
疫情,2020-04-11,9,315,74,26
疫情,2020-04-12,8,172,32,60
疫情,2020-04-13,7,106526,14856,16248
疫情,2020-04-14,12,32078,6569,1856
疫情,2020-04-15,13,577,108,43
疫情,2020-04-16,8,438,270,17
疫情,2020-04-17,14,49390,9394,2593
疫情,2020-04-18,7,4127,560,83
疫情,2020-04-19,13,16507,3293,1459
疫情,2020-04-20,8,14750,3286,1077
疫情,2020-04-21,14,19535,2569,1373
疫情,2020-04-22,11,38830,6005,2536
疫情,2020-04-23,6,50,5,0
疫情,2020-04-24,13,1772,179,70
疫情,2020-04-25,7,27628,4122,1718
疫情,2020-04-26,5,6,7,3
疫情,2020-04-27,7,5614,1206,625
疫情,2020-04-28,9,12435,1954,1318
疫情,2020-04-29,10,22534,2667,1428
疫情,2020-04-30,8,39889,4005,3512
疫情,2020-05-01,8,25287,2534,621
疫情,2020-05-02,8,315,127,89
疫情,2020-05-03,3,6,5,7
疫情,2020-05-04,10,229,53,52
疫情,2020-05-05,3,581,72,173
疫情,2020-05-06,5,15,12,0
疫情,2020-05-07,6,269,101,4
疫情,2020-05-08,5,6611,1457,649
疫情,2020-05-09,10,958,118,57
疫情,2020-05-10,6,193,15,15
疫情,2020-05-11,4,51784,9337,4155
疫情,2020-05-12,7,13073,573,746
疫情,2020-05-13,3,8,10,0
疫情,2020-05-14,6,38181,4299,1591
疫情,2020-05-15,10,139,30,10
疫情,2020-05-16,10,41,2,19
疫情,2020-05-17,12,14529,2509,731
疫情,2020-05-18,6,21555,3134,1241
疫情,2020-05-19,6,360,135,70
疫情,2020-05-20,7,5,3,0
疫情,2020-05-21,6,5809,486,120
疫情,2020-05-22,10,62317,7401,1361
疫情,2020-05-23,8,51,9,5
疫情,2020-05-24,3,8,2,0
疫情,2020-05-25,8,8239,1132,691
疫情,2020-05-26,3,156,128,21
疫情,2020-05-27,2,0,0,0
疫情,2020-05-28,5,767,226,17
疫情,2020-05-29,3,17,12,0
